{
    "₹": {
        "as": "Rupees",
        "bn": "রুপি",
        "brx": "Rupees",
        "en": "Rupees",
        "gu": "રૂપિયા",
        "hi": "रुपये",
        "kn": "ರೂಪಾಯಿ",
        "ml": "രൂപ",
        "mni": "Rupees",
        "mr": "रुपये",
        "or": "ଟଙ୍କ।",
        "pa": "ਰੁਪਏ",
        "raj": "रीप्या",
        "ta": "ரூபாய்",
        "te": "రూపాయలు"
    },
    "@": {
        "as": "আঁ ট",
        "bn": "আট",
        "brx": "at",
        "en": "at",
        "gu": "આત્‌",
        "hi": "आट",
        "kn": "ಅಟ್‌",
        "ml": "ആറ്റ്‌",
        "mni": "ꯑꯊ",
        "mr": "आट",
        "or": "ଆଟ",
        "pa": "ਆਤ",
        "raj": "आट",
        "ta": "ஆட்‌",
        "te": "ఆ ట"
    },
    ".": {
        "as": "ডোট",
        "bn": "ডোট",
        "brx": "dot",
        "en": "dot",
        "gu": "ડોટ",
        "hi": "डोट",
        "kn": "dot",
        "ml": "ഡോട്ട്‌",
        "mni": "ꯗꯣꯇ",
        "mr": "डॉट",
        "or": "ଡୋଟ୍‌",
        "pa": "ਡੋਟ",
        "raj": "डॉट",
        "ta": "டாட்‌",
        "te": "డాట్‌"
    },
    "/": {
        "as": "শ্লাচ",
        "bn": "স্লাশ",
        "brx": "स्लाश",
        "en": "slash",
        "gu": "સ્લેશ",
        "hi": "सलाश",
        "kn": "ಸ್ಲಾಶ್‌",
        "ml": "സ്ലാഷ്‌",
        "mni": "ꯁ꯭ꯂꯦꯁ",
        "mr": "सलाश",
        "or": "ସ୍ଲାଶ୍‌",
        "pa": "slash", 
        "raj": "स्लाश",
        "ta": "ஸ்லாஷ்‌",
        "te": "స్లాష్‌"
    },
    ":": {
        "as": "কোলন",
        "bn": "কোলন",
        "brx": "कोलन",
        "en": "colon",
        "gu": "કોલન",
        "hi": "कोलन",
        "kn": "ಕೋಲನ್‌",
        "ml": "കോളൻ",
        "mni": "ꯀꯣꯂꯦꯟ",
        "mr": "कोलन",
        "or": "କୋଲୋନ",
        "pa": "ਕੌਲੋਨ",
        "raj": "कोलन",
        "ta": "கோலன்‌",
        "te": "కోలన్‌"
    },
    "+": {
        "as": "প্লাচ",
        "bn": "প্লাস",
        "brx": "प्लस",
        "en": "plus",
        "gu": "પ્લસ",
        "hi": "प्लस",
        "kn": "ಪ್ಲಸ್‌",
        "ml": "പ്ലസ്‌",
        "mni": "ꯄ꯭ꯂꯁ",
        "mr": "प्लॅस",
        "or": "ପ୍ଲସ୍‌",
        "pa": "ਪਲੱਸ",
        "raj": "प्लस",
        "ta": "பிளஸ்‌",
        "te": "ప్లస్‌"
    },
    "-": {
        "as": "ডাছ",
        "bn": "ডাছ",
        "brx": "दाश",
        "en": "dash",
        "gu": "ડાશ",
        "hi": "दाश",
        "kn": "ದಾಶು",
        "ml": "ദാശ",
        "mni": "ꯗꯥꯁ",
        "mr": "दाश",
        "or": "ଦାଶ",
        "pa": "ਮਾਈਨਉਸ",
        "raj": "दाश",
        "ta": "டாஷ்‌",
        "te": "డాష్‌"
    },
    "www": {
        "as": "ডাব্লিঅডাব্লিওডাব্লিও",
        "bn": "ডাব্লিউডাব্লিউডাব্লিউ",
        "brx": "डबलयु डबलयु डबलयु",
        "en": "doubleyou doubleyou doubleyou",
        "gu": "ડબલ્યું ડબલ્યું ડબલ્યું",
        "hi": "डबल्यू डबल्यू डबल्यू",
        "kn": "ಡುಬ್ಲ್ಯುಡುಬ್ಲ್ಯುಡುಬ್ಲ್ಯು ",
        "ml": "ഡബ്ലിയൂ ഡബ്ലിയൂ ഡബ്ലിയൂ",
        "mni": "ꯗꯕꯜꯌꯨꯗꯕꯜꯌꯨꯗꯕꯜꯌꯨ",
        "mr": "डब्ल्यू डब्ल्यू डब्ल्यू",
        "or": "ଡବ୍ଲିୟୁଡବ୍ଲିୟୁଡବ୍ଲିୟୁ",
        "pa": "ਡਬਲਿਊ ਡਬਲਿਊ ਡਬਲਿਊ",
        "raj": "डब्ल्यू डब्ल्यू डब्ल्यू",
        "ta": "டபிளியூ டபிளியூ டபிளியூ",
        "te": "డబుల్యూడబుల్యూడబుల్యూ"
    },
    "%": {
        "as": "শতাংশ",
        "bn": "শতাংশ",
        "brx": "percent",
        "en": "percent",
        "gu": "ટકા",
        "hi": "प्रतिशत",
        "kn": "ಶೇಕಡಾ",
        "ml": "ശതമാനം",
        "mni": "ꯆꯥꯗꯥ ꯆꯥꯗꯥ ꯴",
        "mr": "टक्के",
        "or": "ଶତକଡା",
        "pa": "ਪ੍ਰਤੀਸ਼ਤ",
        "raj": "percent",
        "ta": "சதவீதம்",
        "te": "శాతం"
    }
}